{
  "family": "atr_trail",
  "param": 1.25,
  "cap_bars": 6,
  "trades": 385,
  "win_rate": 0.9818181818181818,
  "pf": 455.70348112898324,
  "expectancy": 0.5042242709347025,
  "median_ret": 0.4055993058699985
}