{
  "family": "atr_trail",
  "param": 1.25,
  "fees_bps": 5,
  "slip_bps": 5,
  "trades": 385,
  "win_rate": 0.9506493506493506,
  "pf": 170.41535597337895,
  "expectancy": 0.5417977631133037,
  "median_ret": 0.3937755598970162,
  "mdd": -0.4316730934700349
}