{
  "target_vol": 0.1,
  "max_leverage": 3.0,
  "lookback_days": 60,
  "pf": 3.967272163725301,
  "win_rate": 0.6083916083916084,
  "expectancy": 0.002886475880684247,
  "vol_annual": 0.1019824575941663,
  "sharpe": 7.132520034249884,
  "sortino": 16.727572520913377,
  "cagr": 1.0569083342515366,
  "mdd": -0.019185803198310092,
  "calmar": 55.08804209690999,
  "avg_leverage": 0.059285160307844774
}