{
  "cap": 6,
  "pf": 5.53711071998825,
  "sharpe": 8.662702397160123,
  "sortino": 21.666087715033832,
  "vol_annual": 0.10240114428661334,
  "cagr": 1.4117122495056798,
  "mdd": -0.01977594881780176,
  "calmar": 71.38531063727753,
  "avg_leverage": 0.05618916063782239
}