"market_level","hold_days","tp_pct","n_valid","tp_count","timed_count","avg_ret","median_ret","pct_pos"
"1","5","0.65","377","30","347","0.414144","0.33627","0.9894"
"2","5","0.85","207","11","196","0.450476","0.337258","0.9662"
"3","8","0.9","300","12","288","0.536656","0.378316","0.93"
"4","6","0.85","276","14","262","0.462589","0.383887","0.9565"
"5","8","0.95","162","11","151","31.281075","0.438483","0.9383"
"6","6","0.9","262","11","251","0.537781","0.4165","0.9885"
"7","6","0.95","500","19","481","0.973445","0.400742","0.974"
"8","7","0.95","469","15","454","0.570858","0.411746","0.9701"
"9","6","0.95","561","23","538","0.511298","0.39973","0.9643"
